Opportunities.Campaign Name,Avg(Opportunities.Discount),Sum(Opportunities.Value)
Customer Follow-up,0.05810766423357658,1766100
Consumer Tradeshow,0.05484507042253522,1602700
New Product Releases,0.04530440414507786,2149700
Customer Care Campaign,0.0432247340425531,1921600
Market Trends Newsletter,0.03676171875000009,756400
Monthly Newsletter,0.03165672782874609,3217300
Twitter,0.031047222222222216,557600
blank-axis-row,0.02935862977602109,38616300