Sheet1.Category,Sum(Sheet1.Col_1),Sum(Sheet1.Col_10),Sum(Sheet1.Col_11),Sum(Sheet1.Col_12),Sum(Sheet1.Col_13),Sum(Sheet1.Col_14),Sum(Sheet1.Col_15),Sum(Sheet1.Col_16),Sum(Sheet1.Col_17),Sum(Sheet1.Col_18),Sum(Sheet1.Col_19),Sum(Sheet1.Col_2),Sum(Sheet1.Col_20),Sum(Sheet1.Col_21),Sum(Sheet1.Col_22),Sum(Sheet1.Col_23),Sum(Sheet1.Col_24),Sum(Sheet1.Col_25),Sum(Sheet1.Col_26),Sum(Sheet1.Col_27),Sum(Sheet1.Col_28),Sum(Sheet1.Col_29),Sum(Sheet1.Col_3),Sum(Sheet1.Col_30),Sum(Sheet1.Col_4),Sum(Sheet1.Col_5),Sum(Sheet1.Col_6),Sum(Sheet1.Col_7),Sum(Sheet1.Col_9),Sum(Sheet1.Col_8),
EcoBreeze Air Purifier,0.12,8.32,6.75,7.23,1.34,4.67,2.34,5.67,7.34,8.12,6.23,3.67,4.76,5.23,7.65,8.12,3.43,6.78,4.56,7.23,2.12,8.67,5.23,9.12,4.45,1.12,3.43,5.67,4.76,2.13,"0.12,27.81,27.93"
FlexFit Yoga Mat,2.45,2.34,5.67,6.78,9.12,1.34,8.12,7.65,3.12,5.78,2.34,7.12,4.56,8.12,1.67,7.23,9.34,4.12,2.34,5.67,1.78,6.54,8.67,3.12,1.23,9.78,6.54,3.23,7.89,4.56,"2.45,25.36,27.81"
GlideTech Wireless Mouse,4.23,7.65,3.12,4.56,7.89,9.23,2.34,8.12,5.67,4.12,3.67,9.12,9.78,1.34,2.45,9.34,3.12,4.56,7.89,1.23,9.12,2.67,3.34,8.45,5.76,2.67,1.89,4.56,1.89,8.12,"4.23,21.13,25.36"
HydroFlask Water Bottle,7.34,5.43,4.12,9.34,6.76,2.34,7.65,3.23,1.78,4.67,9.12,2.45,2.23,7.89,1.34,6.54,2.34,9.67,3.78,4.56,8.12,1.89,1.67,7.65,9.23,4.56,8.12,2.23,3.12,7.65,"7.34,8.12,15.459999999999999"
LumiSkin Facial Cleanser,8.12,7.12,8.45,3.23,2.45,9.12,4.56,6.54,2.34,1.23,7.89,4.56,5.67,4.12,9.78,1.67,3.23,6.12,8.45,7.89,2.34,4.56,9.34,3.78,3.12,7.89,1.67,2.34,5.43,6.78,"8.12,0,8.12"
VitaBoost Multivitamins,5.67,2.45,7.89,1.34,9.12,3.23,4.56,1.67,8.12,6.54,2.34,1.89,7.89,4.67,3.12,5.78,9.12,2.34,1.78,8.45,4.56,6.12,4.56,7.23,7.23,8.12,2.34,9.78,3.12,4.67,"5.67,15.459999999999999,21.13"