financials.Country,Sum(financials. Sales),Sum(financials.Profit),Sum(financials.Discounts)
Canada,24887654.88499999,3529228.8850000016,2044508.6150000012
France,24354172.28000001,3781020.7800000003,1727502.22
Germany,23505340.820000004,3680388.8200000008,1416126.6800000004
Mexico,20949352.109999992,2907523.11,1777582.8900000006
United States of America,25029830.165000007,2995540.664999999,2239527.8350000004