financials.Segment,Sum(financials.COGS),Sum(financials. Sales),Sum(financials.Discounts),
Channel Partners,483790.5,1800593.6399999997,134568.36000000004,"134568.36000000004,9070679.879999999,9205248.239999998"
Enterprise,20226240,19611694.375,1457305.625,"1457305.625,7412587.329999997,8869892.954999998"
Government,41116087.5,52504260.67000005,3898805.8299999973,"3898805.8299999973,0,3898805.8299999973"
Midmarket,1721780,2381883.0749999997,200786.92500000002,"200786.92500000002,8869892.954999998,9070679.879999999"
Small Business,38284750,42427918.5,3513781.5,"3513781.5,3898805.8299999973,7412587.329999997"