financials.Country,Sum(financials. Sales),Sum(financials.COGS)
United States of America,25029830.165000007,22034289.5
Canada,24887654.88499999,21358426
France,24354172.28000001,20573151.5
Germany,23505340.820000004,19824952
Mexico,20949352.109999992,18041829