financials.Country,Sum(financials. Sales),Sum(financials.Gross Sales),Sum(financials.Profit),Sum(financials.COGS)
United States of America,25029830.165000007,27269358,2995540.664999999,22034289.5
Canada,24887654.88499999,26932163.5,3529228.8850000016,21358426
France,24354172.28000001,26081674.5,3781020.7800000003,20573151.5
Germany,23505340.820000004,24921467.5,3680388.8200000008,19824952
Mexico,20949352.109999992,22726935,2907523.11,18041829