Orders.Ship Mode,Measure.N Order,Measure.N Order 2,Measure.N Sale,Measure.N Sale3,Measure.N Sale4,Measure.N Sale5,Measure.N Sale2
First Class,1933,1.933,1398678.606699992,1398678.606699992,1398678.606699992,0.1398678606699992,1398678.61 Ltr
Same Day,644,0.644,506037.6170000004,506037.6170000004,506037.6170000004,0.050603761700000034,506037.62 Ltr
Second Class,2317,2.317,1733685.1767999951,1733685.1767999951,1733685.1767999951,0.1733685176799995,1733685.18 Ltr
Standard Class,7218,7.218,5177392.933200001,5177392.933200001,5177392.933200001,0.5177392933200001,5177392.93 Ltr